{
    "MEETING_SUMMARY_length_1024": {
        "dev": {
            "rouge1": 0.3586676195635613,
            "rouge2": 0.10181949160763178,
            "rougeL": 0.1880787810842802,
            "avg_rouge": 0.2161886307518244
        },
        "test": {
            "rouge1": 0.37311435836403345,
            "rouge2": 0.09721771070416493,
            "rougeL": 0.18900499015289426,
            "avg_rouge": 0.2197790197403642
        },
        "test2": {
            "rouge1": 0.41838795180922805,
            "rouge2": 0.11108731127318655,
            "rougeL": 0.1945227389116087,
            "avg_rouge": 0.2413326673313411
        },
        "all": {
            "rouge1": 0.37916217390727885,
            "rouge2": 0.10157811663713275,
            "rougeL": 0.18997387624688247,
            "avg_rouge": 0.22357138893043135
        }
    },
    "MEETING_SUMMARY_length_512": {
        "dev": {
            "rouge1": 0.3272397171584518,
            "rouge2": 0.10719373238060795,
            "rougeL": 0.16988231042047044,
            "avg_rouge": 0.2014385866531767
        },
        "test": {
            "rouge1": 0.3598338635745446,
            "rouge2": 0.11026522301906254,
            "rougeL": 0.1818009028250243,
            "avg_rouge": 0.21729999647287715
        },
        "test2": {
            "rouge1": 0.4198037731638141,
            "rouge2": 0.11714771838752634,
            "rougeL": 0.18455277167494438,
            "avg_rouge": 0.2405014210754283
        },
        "all": {
            "rouge1": 0.3641065805899121,
            "rouge2": 0.11094147459026155,
            "rougeL": 0.17910170912374157,
            "avg_rouge": 0.2180499214346384
        }
    },
    "MEETING_SUMMARY_length_768": {
        "dev": {
            "rouge1": 0.3533436439012586,
            "rouge2": 0.10592967178635304,
            "rougeL": 0.18033584476201034,
            "avg_rouge": 0.21320305348320734
        },
        "test": {
            "rouge1": 0.38298786668664,
            "rouge2": 0.10748458745986397,
            "rougeL": 0.1897587993638262,
            "avg_rouge": 0.22674375117011006
        },
        "test2": {
            "rouge1": 0.4515331764341843,
            "rouge2": 0.13400403652939213,
            "rougeL": 0.2081165003680202,
            "avg_rouge": 0.26455123777719886
        },
        "all": {
            "rouge1": 0.38998565141237723,
            "rouge2": 0.11294587734378386,
            "rougeL": 0.19122080108647602,
            "avg_rouge": 0.23138410994754569
        }
    },
    "bart-large-cnn-samsum_length_1024": {
        "dev": {
            "rouge1": 0.3644058087119314,
            "rouge2": 0.12598892431298342,
            "rougeL": 0.19956905519139684,
            "avg_rouge": 0.22998792940543722
        },
        "test": {
            "rouge1": 0.36586588933285025,
            "rouge2": 0.10489270881683849,
            "rougeL": 0.18328844883473855,
            "avg_rouge": 0.21801568232814242
        },
        "test2": {
            "rouge1": 0.4316487204569228,
            "rouge2": 0.12541972238889304,
            "rougeL": 0.1985635225040347,
            "avg_rouge": 0.25187732178328354
        },
        "all": {
            "rouge1": 0.38007871829905565,
            "rouge2": 0.11531432724844642,
            "rougeL": 0.19120530030476504,
            "avg_rouge": 0.22886611528408904
        }
    },
    "bart-large-cnn-samsum_length_512": {
        "dev": {
            "rouge1": 0.297945930037542,
            "rouge2": 0.11275421379730051,
            "rougeL": 0.1613886986236705,
            "avg_rouge": 0.19069628081950432
        },
        "test": {
            "rouge1": 0.3291303295445402,
            "rouge2": 0.12016290127955526,
            "rougeL": 0.16964621630870924,
            "avg_rouge": 0.20631314904426823
        },
        "test2": {
            "rouge1": 0.377274406245239,
            "rouge2": 0.13467122335925025,
            "rougeL": 0.18286790786721524,
            "avg_rouge": 0.2316045124905682
        },
        "all": {
            "rouge1": 0.3311666800594182,
            "rouge2": 0.12132900410775006,
            "rougeL": 0.17029061507586646,
            "avg_rouge": 0.20759543308101155
        }
    },
    "bart-large-cnn-samsum_length_768": {
        "dev": {
            "rouge1": 0.3325412715954366,
            "rouge2": 0.11927376375760752,
            "rougeL": 0.18451397912453396,
            "avg_rouge": 0.21210967149252602
        },
        "test": {
            "rouge1": 0.36222027197549733,
            "rouge2": 0.1251265564317955,
            "rougeL": 0.18732753852463013,
            "avg_rouge": 0.2248914556439743
        },
        "test2": {
            "rouge1": 0.42376535701030826,
            "rouge2": 0.13811371944471446,
            "rougeL": 0.19770463100110222,
            "avg_rouge": 0.2531945691520417
        },
        "all": {
            "rouge1": 0.36765279076654955,
            "rouge2": 0.12638681691405862,
            "rougeL": 0.18885201479715275,
            "avg_rouge": 0.2276305408259203
        }
    },
    "bart_large_xsum_samsum_length_1024": {
        "dev": {
            "rouge1": 0.3583444538471746,
            "rouge2": 0.10500477769495171,
            "rougeL": 0.19204633304749313,
            "avg_rouge": 0.21846518819653982
        },
        "test": {
            "rouge1": 0.37058817721568665,
            "rouge2": 0.09727607614278716,
            "rougeL": 0.18416781518904798,
            "avg_rouge": 0.21734402284917395
        },
        "test2": {
            "rouge1": 0.4241467321653599,
            "rouge2": 0.11472293206106429,
            "rougeL": 0.20130500511090765,
            "avg_rouge": 0.24672488977911064
        },
        "all": {
            "rouge1": 0.37908904404658283,
            "rouge2": 0.10330001677800556,
            "rougeL": 0.19016455679902933,
            "avg_rouge": 0.2241845392078726
        }
    },
    "bart_large_xsum_samsum_length_512": {
        "dev": {
            "rouge1": 0.3260249204010074,
            "rouge2": 0.10826196073828723,
            "rougeL": 0.173070371505931,
            "avg_rouge": 0.2024524175484085
        },
        "test": {
            "rouge1": 0.3633435641296962,
            "rouge2": 0.11925319803065332,
            "rougeL": 0.1823263043898421,
            "avg_rouge": 0.2216410221833972
        },
        "test2": {
            "rouge1": 0.4274686915667026,
            "rouge2": 0.13092575534022166,
            "rougeL": 0.20231569233853589,
            "avg_rouge": 0.25357004641515335
        },
        "all": {
            "rouge1": 0.36722730252439517,
            "rouge2": 0.11879397818490015,
            "rougeL": 0.1841972981329099,
            "avg_rouge": 0.22340619294740172
        }
    },
    "bart_large_xsum_samsum_length_768": {
        "dev": {
            "rouge1": 0.3507744321254612,
            "rouge2": 0.10706692904719195,
            "rougeL": 0.18350736424499475,
            "avg_rouge": 0.21378290847254933
        },
        "test": {
            "rouge1": 0.38186969542769966,
            "rouge2": 0.10906636423652344,
            "rougeL": 0.1942270602142908,
            "avg_rouge": 0.22838770662617128
        },
        "test2": {
            "rouge1": 0.4499362355736748,
            "rouge2": 0.12897499070266966,
            "rougeL": 0.20774345982773343,
            "avg_rouge": 0.2622182287013593
        },
        "all": {
            "rouge1": 0.38835802009840564,
            "rouge2": 0.1129351047875194,
            "rougeL": 0.19425301124802913,
            "avg_rouge": 0.23184871204465138
        }
    }
}