{
    "MEETING_SUMMARY_length_1024": {
        "dev": {
            "rouge1": 0.19760616162189448,
            "rouge2": 0.06646917889294131,
            "rougeL": 0.13342034639493375,
            "avg_rouge": 0.13249856230325652
        },
        "all": {
            "rouge1": 0.19760616162189448,
            "rouge2": 0.06646917889294131,
            "rougeL": 0.13342034639493375,
            "avg_rouge": 0.13249856230325652
        }
    },
    "MEETING_SUMMARY_length_512": {
        "dev": {
            "rouge1": 0.22545964455542258,
            "rouge2": 0.07235594732940467,
            "rougeL": 0.144698509276687,
            "avg_rouge": 0.14750470038717142
        },
        "all": {
            "rouge1": 0.22545964455542258,
            "rouge2": 0.07235594732940467,
            "rougeL": 0.144698509276687,
            "avg_rouge": 0.14750470038717142
        }
    },
    "MEETING_SUMMARY_length_768": {
        "dev": {
            "rouge1": 0.21006609935507933,
            "rouge2": 0.06859283561065194,
            "rougeL": 0.1386994766858924,
            "avg_rouge": 0.13911947055054122
        },
        "all": {
            "rouge1": 0.21006609935507933,
            "rouge2": 0.06859283561065194,
            "rougeL": 0.1386994766858924,
            "avg_rouge": 0.13911947055054122
        }
    },
    "bart-large-cnn-samsum_length_1024": {
        "dev": {
            "rouge1": 0.240900003447841,
            "rouge2": 0.06969722128097261,
            "rougeL": 0.14963398868695088,
            "avg_rouge": 0.15341040447192147
        },
        "all": {
            "rouge1": 0.240900003447841,
            "rouge2": 0.06969722128097261,
            "rougeL": 0.14963398868695088,
            "avg_rouge": 0.15341040447192147
        }
    },
    "bart-large-cnn-samsum_length_512": {
        "dev": {
            "rouge1": 0.26101429444930774,
            "rouge2": 0.07545847372146192,
            "rougeL": 0.15651480926241368,
            "avg_rouge": 0.1643291924777278
        },
        "all": {
            "rouge1": 0.26101429444930774,
            "rouge2": 0.07545847372146192,
            "rougeL": 0.15651480926241368,
            "avg_rouge": 0.1643291924777278
        }
    },
    "bart-large-cnn-samsum_length_768": {
        "dev": {
            "rouge1": 0.2508727666670924,
            "rouge2": 0.07203313491712811,
            "rougeL": 0.15321251807799408,
            "avg_rouge": 0.15870613988740487
        },
        "all": {
            "rouge1": 0.2508727666670924,
            "rouge2": 0.07203313491712811,
            "rougeL": 0.15321251807799408,
            "avg_rouge": 0.15870613988740487
        }
    },
    "bart_large_xsum_samsum_length_1024": {
        "dev": {
            "rouge1": 0.2059879087577469,
            "rouge2": 0.06816918427895244,
            "rougeL": 0.13959014554184726,
            "avg_rouge": 0.13791574619284885
        },
        "all": {
            "rouge1": 0.2059879087577469,
            "rouge2": 0.06816918427895244,
            "rougeL": 0.13959014554184726,
            "avg_rouge": 0.13791574619284885
        }
    },
    "bart_large_xsum_samsum_length_512": {
        "dev": {
            "rouge1": 0.23256995436266414,
            "rouge2": 0.07329213255784228,
            "rougeL": 0.1502448135101481,
            "avg_rouge": 0.15203563347688484
        },
        "all": {
            "rouge1": 0.23256995436266414,
            "rouge2": 0.07329213255784228,
            "rougeL": 0.1502448135101481,
            "avg_rouge": 0.15203563347688484
        }
    },
    "bart_large_xsum_samsum_length_768": {
        "dev": {
            "rouge1": 0.2182373269855654,
            "rouge2": 0.0698017369887488,
            "rougeL": 0.14472426933400442,
            "avg_rouge": 0.14425444443610622
        },
        "all": {
            "rouge1": 0.2182373269855654,
            "rouge2": 0.0698017369887488,
            "rougeL": 0.14472426933400442,
            "avg_rouge": 0.14425444443610622
        }
    }
}